{"cameraMode":{"drawMode":0,"name":"Shaded","section":"Shading Mode"},"sceneLighting":false,"audioPlay":false,"sceneViewState":{"showFog":true,"showMaterialUpdate":false,"showSkybox":false,"showFlares":true,"showImageEffects":true,"showParticleSystems":true,"showVisualEffectGraphs":true,"m_FxEnabled":true},"in2DMode":false,"pivot":{"x":-0.04441353678703308,"y":-0.036186933517456058,"z":0.7500318884849548},"rotation":{"x":-0.16803844273090363,"y":-0.4277931749820709,"z":0.08133666217327118,"w":-0.8842816352844238},"size":1.0936158895492554,"orthographic":false}