{"cameraMode":{"drawMode":0,"name":"Shaded","section":"Shading Mode"},"sceneLighting":true,"audioPlay":false,"sceneViewState":{"showFog":true,"showMaterialUpdate":false,"showSkybox":true,"showFlares":true,"showImageEffects":true,"showParticleSystems":true,"showVisualEffectGraphs":true,"m_FxEnabled":true},"in2DMode":false,"pivot":{"x":176.29188537597657,"y":313.2969055175781,"z":-75.35513305664063},"rotation":{"x":0.031419094651937488,"y":0.04702155664563179,"z":-0.0019944608211517336,"w":0.9978735446929932},"size":476.93682861328127,"orthographic":false}