{"cameraMode":{"drawMode":0,"name":"Shaded","section":"Shading Mode"},"sceneLighting":true,"audioPlay":false,"sceneViewState":{"showFog":true,"showMaterialUpdate":false,"showSkybox":true,"showFlares":true,"showImageEffects":true,"showParticleSystems":true,"showVisualEffectGraphs":true,"m_FxEnabled":true},"in2DMode":false,"pivot":{"x":0.732654333114624,"y":1.7376928329467774,"z":0.5252652168273926},"rotation":{"x":-0.014768881723284722,"y":-0.9608410596847534,"z":0.27059435844421389,"w":-0.05315934121608734},"size":2.4706830978393556,"orthographic":false}