{"cameraMode":{"drawMode":0,"name":"Shaded","section":"Shading Mode"},"sceneLighting":true,"audioPlay":false,"sceneViewState":{"showFog":true,"showMaterialUpdate":false,"showSkybox":true,"showFlares":true,"showImageEffects":true,"showParticleSystems":true,"showVisualEffectGraphs":true,"m_FxEnabled":true},"in2DMode":false,"pivot":{"x":-5.4707207679748539,"y":2.799121618270874,"z":7.671761512756348},"rotation":{"x":0.003484899876639247,"y":-0.9960423111915588,"z":-0.07333017140626908,"w":-0.04455301910638809},"size":2.7706830501556398,"orthographic":false}