{"cameraMode":{"drawMode":0,"name":"Shaded","section":"Shading Mode"},"sceneLighting":true,"audioPlay":false,"sceneViewState":{"showFog":true,"showMaterialUpdate":false,"showSkybox":true,"showFlares":true,"showImageEffects":true,"showParticleSystems":true,"showVisualEffectGraphs":true,"m_FxEnabled":true},"in2DMode":false,"pivot":{"x":-14.776394844055176,"y":1.9070630073547364,"z":-3.3924648761749269},"rotation":{"x":-0.021493293344974519,"y":0.9627317190170288,"z":-0.07950935512781143,"w":-0.2555526793003082},"size":1.5254607200622559,"orthographic":false}