{"cameraMode":{"drawMode":0,"name":"Shaded","section":"Shading Mode"},"sceneLighting":false,"audioPlay":false,"sceneViewState":{"showFog":true,"showMaterialUpdate":false,"showSkybox":false,"showFlares":true,"showImageEffects":true,"showParticleSystems":true,"showVisualEffectGraphs":true,"m_FxEnabled":true},"in2DMode":false,"pivot":{"x":0.07850605249404907,"y":0.07113140821456909,"z":0.9885847568511963},"rotation":{"x":-0.16803844273090363,"y":-0.4277931749820709,"z":0.08133666217327118,"w":-0.8842816352844238},"size":1.1641687154769898,"orthographic":false}